»ä­·½s¸¹,¦~¥÷,»ä­·¦WºÙ(¤¤),»ä­·¦WºÙ(­^)
202101,2021,§ùÃY,DUJUAN
202023,2020,¬ìÃ¹©ô,KROVANH
202022,2020,±ë°ª,VAMCO
202021,2020,¦ã³³,ETAU
202020,2020,°{¹q,ATSANI
202019,2020,¤ÑÃZ,GONI
202018,2020,²ö©Ôµá,MOLAVE
202017,2020,¨F¼wº¸,SAUDEL
202016,2020,«n¥d,NANGKA
202015,2020,½¬ªá,LINFA
202014,2020,©÷ÂE,CHAN-HOM
202013,2020,ÄH³½,KUJIRA
202012,2020,¥Õ®ü³b,DOLPHIN
202011,2020,¬õÁø,NOUL
202010,2020,®ü¯«,HAISHEN
202009,2020,±ö²ï,MAYSAK
202008,2020,¤Ú«Â,BAVI
202007,2020,µLªáªG,HIGOS
202006,2020,¦Ì§J©Ô,MEKKHALA
202005,2020,Á¥»e,JANGMI
202004,2020,«¢®æ¤ñ,HAGUPIT
202003,2020,¨¯¼Ö§J,SINLAKU
202002,2020,ÆxÄM,NURI
202001,2020,¶À¸Á,VONGFONG
201929,2019,¤Ú³{,PHANFONE
201928,2019,¥_°Ã,KAMMURI
201927,2019,»ñ°Ä,FUNG-WONG
201926,2019,®üÅÃ,KALMAEGI
201925,2019,­·¯«,FENGSHEN
201924,2019,®R§J²ú,NAKRI
201923,2019,«¢¶©,HALONG
201922,2019,³Á¼w©i,MATMO
201921,2019,³ÕÃ¹¨Ì,BUALOI
201920,2019,ÒFºµ,NEOGURI
201919,2019,«¢¦N¨©,HAGIBIS
201918,2019,¦Ì¶ð,MITAG
201917,2019,¶ð¤Ú,TAPAH
201916,2019,µ\µ],PEIPAH
201915,2019,ªk¦è,FAXAI
201914,2019,¼C³½,KAJIKI
201913,2019,¬Â¬Â,LINGLING
201912,2019,·¨¬h,PODUL
201911,2019,¥Õ³À,BAILU
201910,2019,¬_Ã¹²ï,KROSA
201909,2019,§Q©_°¨,LEKIMA
201908,2019,­S´µ°ª,FRANCISCO
201907,2019,Á¨©¬,WIPHA
201906,2019,¦Ê¦X,NARI
201905,2019,¤¦®Rµ·,DANAS
201904,2019,¤ì®¦,MUN
201903,2019,¸t©¬,SEPAT
201902,2019,½¹½º,WUTIP
201901,2019,©¬¥¬,PABUK
201829,2018,¤Ñ¨ß,USAGI
201828,2018,¸U©y,MAN-YI
201827,2018,®Ü±ð,TORAJI
201826,2018,¥É¨ß,YUTU
201825,2018,±dÍº,KONG-REY
201824,2018,¼æ¬ü,TRAMI
201823,2018,¦Ê¨½¹Å,BARIJAT
201822,2018,¤s¦Ë,MANGKHUT
201821,2018,¿P¤l,JEBI
201820,2018,¦è°¨¶©,CIMARON
201819,2018,Ä¬¤O,SOULIK
201818,2018,´ÄÃq,RUMBIA
201817,2018,»®§J¯S,HECTOR
201816,2018,¨©ºÑ¨Î,BEBINCA
201815,2018,ÄRµ\,LEEPI
201814,2018,¼¯½~,YAGI
201813,2018,¬À¬À,SHANSHAN
201812,2018,¶³³¶,JONGDARI
201811,2018,®©ªÅ,WUKONG
201810,2018,¦w¤ñ,AMPIL
201809,2018,¤s¯«,SON-TINH
201808,2018,º¿²ú¨È,MARIA
201807,2018,¤Ú¤ñ¨Ú,PRAPIROON
201806,2018,³Í¦Ì,GAEMI
201805,2018,°¨¤O´µ,MALIKSI
201804,2018,¦ãºû¥§,EWINIAR
201803,2018,ÃU³½,JELAWAT
201802,2018,¤T¤Ú,SANBA
201801,2018,¥¬©Ô¸U,BOLAVEN
201727,2017,¤Ñ¯¯,TEMBIN
201726,2017,±Ò¼w,KAI-TAK
201725,2017,ÂE¶­,KIROGI
201724,2017,®ü¸ª,HAIKUI
201723,2017,¤¦·ç,DAMREY
201722,2017,Ä¬©Ô,SAOLA
201721,2017,Äõ®¦,LAN
201720,2017,¥d§V,KHANUN
201719,2017,§ùÄ¬Íº,DOKSURI
201718,2017,®õ§Q,TALIM
201717,2017,¨¦¶W,GUCHOL
201716,2017,º¿«½,MAWAR
201715,2017,¬À·ä,SANVU
201714,2017,©¬¥d,PAKHAR
201713,2017,¤ÑÂF,HATO
201712,2017,º_¾ð,BANYAN
201711,2017,©`®æ,NALGAE
201710,2017,®ü´Å,HAITANG
201709,2017,¥§²ï,NESAT
201708,2017,®á¥d,SONCA
201707,2017,¬¥§J,ROKE
201706,2017,®w©Ô,KULAP
201705,2017,¿Õ¿c,NORU
201704,2017,¶ð©Ô´µ,TALAS
201703,2017,«nº¿³£,NANMADOL
201702,2017,²ö¬f,MERBOK
201701,2017,±öªá,MUIFA
201626,2016,¯Ç©Z,NOCK-TEN
201625,2016,ÃÈªê,TOKAGE
201624,2016,°¨¾b,MA-ON
201623,2016,¦Ì¹p,MEARI
201622,2016,®ü°¨,HAIMA
201621,2016,²ï²ú¨Î,SARIKA
201620,2016,®á¹F,SONGDA
201619,2016,¦ã§Q,AERE
201618,2016,ªÜ»T,CHABA
201617,2016,±ö®V,MEGI
201616,2016,°¨°Ç¥d,MALAKAS
201615,2016,¹p¥ì,RAI
201614,2016,²öÄõ¸¦,MERANTI
201613,2016,º¿·ê,MALOU
201612,2016,«n­×,NAMTHEUN
201611,2016,¶ê³W,KOMPASU
201610,2016,·à¤l¤s,LIONROCK
201609,2016,»Z¤½­^ ,MINDULLE
201608,2016,¹q¥À,DIANMU
201607,2016,Àö¾ð,CHANTHU
201606,2016,±d´Ë,CONSON
201605,2016,¶ø³Á´µ,OMAIS
201604,2016,©gÌH,NIDA
201603,2016,»Èªe,MIRINAE
201602,2016,¿cºÑ,LUPIT
201601,2016,¥§§B¯S,NEPARTAK
201527,2015,­[²ú,MELOR
201526,2015,?ªá,IN-FA
201525,2015,Á¥µ\,CHAMPI
201524,2015,¥¨Àï,KOPPU
201523,2015,±m¶³,CHOI-WAN
201522,2015,±m­i,MUJIGAE
201521,2015,§ùÃY,DUJUAN
201520,2015,¬ìÃ¹©ô,KROVANH
201519,2015,±ë°ª,VAMCO
201518,2015,¦ã³³,ETAU
201517,2015,©_Ã¹,KILO
201516,2015,°{¹q,ATSANI
201515,2015,¤ÑÃZ,GONI
201514,2015,²ö©Ôµá,MOLAVE
201513,2015,Ä¬­}°Ç,SOUDELOR
201512,2015,«¢¬¥©Ô,HALOLA
201511,2015,«n¥d,NANGKA
201510,2015,½¬ªá,LINFA
201509,2015,©÷ÂE,CHAN-HOM
201508,2015,ÄH³½,KUJIRA
201507,2015,¥Õ®ü³b,DOLPHIN
201506,2015,¬õÁø,NOUL
201505,2015,®ü¯«,HAISHEN
201504,2015,±ö¨F,MAYSAK
201503,2015,¤Ú«Â,BAVI
201502,2015,µLªáªG,HIGOS
201501,2015,¦Ì§J©Ô,MEKKHALA
201423,2014,Á¥»e,JANGMI
201422,2014,«¢®æ¤ñ,HAGUPIT
201421,2014,¨¯¼Ö§J,SINLAKU
201420,2014,ÆxÄM,NURI
201419,2014,¶À¸Á,VONGFONG
201418,2014,¤Ú³{,PHANFONE
201417,2014,¥_°Ã,KAMMURI
201416,2014,»ñ°Ä,FUNG-WONG
201415,2014,®üÅÃ,KALMAEGI
201414,2014,­·¯«,FENGSHEN
201413,2014,ª÷®RÁ¨,GENEVIEVE
201412,2014,®R§J²ú,NAKRI
201411,2014,«¢¶©,HALONG
201410,2014,³Á¼w©i,MATMO
201409,2014,¹p°¨»¹,RAMMASUN
201408,2014,ÒFºµ,NEOGURI
201407,2014,«¢¦N¨©,HAGIBIS
201406,2014,¦Ì¶ð,MITAG
201405,2014,¶ð¤Ú,TAPAH
201404,2014,µ\µ],PEIPAH
201403,2014,ªk¦è,FAXAI
201402,2014,¼C³½,KAJIKI
201401,2014,¬Â¬Â,LINGLING
201331,2013,·¨¬h,PODUL
201330,2013,®ü¿P,HAIYAN
201329,2013,¬ìÃ¹²ï,KROSA
201328,2013,§Q©_°¨,LEKIMA
201327,2013,­S´µ°ª,FRANCISCO
201326,2013,Á¨©¬,WIPHA
201325,2013,¦Ê¦X,NARI
201324,2013,¤¦®Rµ·,DANAS
201323,2013,µá¯S,FITOW
201322,2013,¸t©¬,SEPAT
201321,2013,½¹½º,WUTIP
201320,2013,©¬¥¬,PABUK
201319,2013,¤Ñ¨ß,USAGI
201318,2013,¸U©y,MAN-YI
201317,2013,®Ü±ð,TORAJI
201316,2013,¥É¨ß,YUTU
201315,2013,±dÍº,KONG-REY
201314,2013,¤×®R©Ô,UNALA
201313,2013,¥Ö¥Ë,PEWA
201312,2013,¼æ¬ü ,TRAMI 
201311,2013,¤×¯S ,UTOR 
201310,2013,¤s¦Ë,MANGKHUT 
201309,2013,¿P¤l,JEBI 
201308,2013,¦è°¨¶© ,CIMARON
201307,2013,Ä¬¤O,SOULIK 
201306,2013,­Û¤ñ¨È ,RUMBIA 
201305,2013,¨©ºÑ¨Î,BEBINCA
201304,2013,ÄRµ],LEEPI
201303,2013,¶®¦N,YAGI
201302,2013,¬À¬À,SHANSHAN
201301,2013,Ä¬¯Ç©i,SONAMU
201225,2012,®©ªÅ,WUKONG
201224,2012,Ä_µo,BOPHA
201223,2012,¤s§Ê,SON-TINH
201222,2012,º¿²ú¨È,MARIA
201221,2012,¤Ú¤ñ¨Ú,PRAPIROON
201220,2012,³Í¦Ì,GAEMI
201219,2012,°¨¤O´µ,MALIKSI
201218,2012,¦ãºû¥§,EWINIAR
201217,2012,ªN©ÔµØ,JELAWAT
201216,2012,¤T¤Ú,SANBA
201215,2012,¥¬©Ô¸U,BOLAVEN
201214,2012,¤Ñ¯¯,TEMBIN
201213,2012,±Ò¼w,KAI-TAK
201212,2012,©_¬¥°ò,KIROGI
201211,2012,®ü¸ª,HAIKUI
201210,2012,¤¦·ç,DAMREY
201209,2012,Ä¬©Ô,SAOLA
201208,2012,­³´Ë¯S,VICENTE
201207,2012,¥d§V,KHANUN
201206,2012,§ùÄ¬Íº,DOKSURI
201205,2012,®õ§Q,TALIM
201204,2012,¨¦¶W,GUCHOL
201203,2012,º¿«½,MAWAR
201202,2012,¬À·ä,SANVU
201201,2012,©¬¥d,PAKHAR
201121,2011,¥Ë¦è,WASHI
201120,2011,¯Z«Û,BANYAN
201119,2011,©`®æ,NALGAE
201118,2011,®ü´Å,HAITANG
201117,2011,¥§²ï,NESAT
201116,2011,®á¥d,SONCA
201115,2011,¬¥§J,ROKE
201114,2011,®w©Ô,KULAP 
201113,2011,¿Õ¿c,NORU  
201112,2011, ¶ð©Ô´µ,TALAS
201111,2011,«nº¿³£,NANMADOL 
201110,2011,²ö¬f,MERBOK
201109,2011,±öªá,MUIFA
201108,2011,¯Ç©Z,NOCK-TEN  
201107,2011,³³¥d°ò,TOKAGE
201106,2011,°¨¾b,MA-ON 
201105,2011,¦Ì¹p,MEARI
201104,2011,®ü°¨,HAIMA 
201103,2011,²ï²ú¨Î,SARIKA
201102,2011,®á¹F,SONGDA
201101,2011,¦ã§Q,AERE
201014,2010,¨ÎªÝ,CHABA
201013,2010,±ö®V,MEGI
201012,2010,°¨°Ç¥d,MALAKAS 
201011,2010,¤Z¨º¤ñ,FANAPI 
201010,2010,²öÄõ¸¦,MERANTI
201009,2010,º¿·ê,MALOU
201008,2010,«n­×,NAMTHEUN
201007,2010,±d§B´µ,KOMPASU
201006,2010,µÜÃ¹§J,LIONROCK
201005,2010,±Ó·þ§Q,MINDULLE
201004,2010,¹q¥À,DIANMU
201003,2010,Àö¾ð,CHANTHU
201002,2010,±d´Ë,CONSON
201001,2010,¶ø³Á´µ,OMAIS
200922,2009,©gÌH,NIDA
200921,2009,¦Ì·ç¤º,MIRINAE
200920,2009,¿cºÑ,LUPIT
200919,2009,¥§§B¯S,NEPARTAK
200918,2009,¦Ì°Ç,MELOR
200917,2009,ªÝº¿,PARMA
200916,2009,³Í²ï®R,KETSANA
200915,2009,¬_´¶,KOPPU
200914,2009,±m¶³,CHOI-WAN  
200913,2009,²ö¦Nµ¹,MUJIGAE
200912,2009,§ùÃY,DUJUAN
200911,2009,¬ìÃ¹©ô,KROVANH
200910,2009,±ë°ª,VAMCO
200909,2009,¦ã³³,ETAU
200908,2009,²ö©Ô§J,MORAKOT
200907,2009,¬_¥§,GONI
200906,2009,²ö©Ôµá,MOLAVE 
200905,2009,Ä¬­}°Ç,SOUDELOR
200904,2009,«n¥d,NANGKA
200903,2009,½¬ªá,LINFA 
200902,2009,©÷ÂE, CHAN-HOM  
200901,2009,¬_¦N©Ô,KUJIRA  
200822,2008,¦hº¸ªâ,DOLPHIN  
200821,2008,¿Õº¸,NOUL
200820,2008,®ü¯«,HAISHEN
200819,2008,±ö²ï,MAYSAK
200818,2008,¤Ú«Â,BAVI
200817,2008,®ü°ª´µ,HIGOS 
200816,2008,¦Ì§J©Ô,MEKKHALA 
200815,2008,Á¥»e,JANGMI
200814,2008,«¢®æ¤ñ,HAGUPIT
200813,2008,¨¯¼Ö§J,SINLAKU 
200812,2008,¦pÄR,NURI 
200811,2008,¤ý®p,VONGFONG
200810,2008,¤Ú³{,PHANFONE
200809,2008,¥d²ö¨½,KAMMURI 
200808,2008,»ñ°Ä,FUNG-WONG
200807,2008,¥dª´°ò,KALMAEGI
200806,2008,­·¯«,FENGSHEN
200805,2008,®R§J²ú,NAKRI 
200804,2008, «¢¶©,HALONG
200803,2008,³Á¼w©i,MATMO
200802,2008,¹p°¨»¹,RAMMASUN
200801,2008,¿Õ¥j¤O,NEOGURI
200724,2007,«¢¦N¨©,HAGIBIS
200723,2007,¦Ì¶ð,MITAG
200722,2007,¶ð¤Ú,TAPAH 
200721,2007,µ\µ],PEIPAH 
200720,2007,ªk¦è,FAXAI  
200719,2007,¥dªN©_,KAJIKI 
200718,2007,¬Â¬Â,LINGLING
200717,2007,´¶³£,PODUL
200716,2007,®ü¿P,HAIYAN
200715,2007,¬_Ã¹²ï,KROSA 
200714,2007,§Q©_°¨, LEKIMA  
200713,2007,­S´µ°ª,FRANCISCO
200712,2007,­³©¬,WIPHA 
200711,2007,¯Ç²ú,NARI 
200710,2007,¤¦®Rµ·, DANAS  
200709,2007,µá¯S,FITOW 
200708,2007,¸t©¬,SEPAT  
200707,2007,±ï´£,WUTIP 
200706,2007,©¬¥¬,PABUK 
200705,2007,¯Q²ï¦N,USAGI
200704,2007, ¸U©y ,MAN-YI  
200703,2007,®çªÛ,TORAJI  
200702,2007,¥É¨ß,YUTU
200701,2007,±d·ç,KONG-REY
200623,2006,¼æ¬ü,TRAMI
200622,2006,¤×¯S ,UTOR 
200621,2006,ºhåÑ ,DURIAN 
200620,2006,©_¤ñ ,CHEBI
200619,2006,¦è°¨¶©,CIMARON
200618,2006,Ä¬¤O ,SOULIK
200617,2006,­Û¤ñ¨È,RUMBIA
200616,2006,¨©ºÑ¨Î,BEBINCA
200615,2006,¶H¯«,XANGSANE 
200614,2006,¶®¦N,YAGI  
200613,2006,¬À¬À,SHANSHAN
200612,2006,¥ì¼Ú¨Î,IOKE
200611,2006,Ä¬¯Ç©i ,SONAMU
200610,2006,®©ªÅ,WUKONG 
200609,2006,Ä_µo,BOPHA
200608,2006,®á¬ü,SAOMAI 
200607,2006,º¿²ú¨È,MARIA
200606,2006,¤Ú¤ñ¨Ú,PRAPIROON
200605,2006,³Í¦Ì,KAEMI
200604,2006,ºÑ§Q´µ,BILIS
200603,2006,¦ãºû¥§,EWINIAR
200602,2006,ªN©ÔµØ,JELAWAT
200601,2006,¬Ã¯],CHANCHU
200523,2005,¥¬©Ô¸U,BOLAVEN
200522,2005,¤Ñ¯¯,TEMBIN
200521,2005,±Ò¼w,KAI-TAK
200520,2005,©_¬¥°ò,KIROGI
200519,2005,Às¤ý,LONGWANG
200518,2005,¤¦·ç,DAMREY
200517,2005,Ä¬©Ô,SAOLA
200516,2005,­³´Ë¯S,VICENTE
200515,2005,¥d§V,KHANUN
200514,2005,®R¤ñ,NABI
200513,2005,®õ§Q,TALIM
200512,2005,¨¦¶W,GUCHOL
200511,2005,º¿«½,MAWAR
200510,2005,¬À·ä,SANVU
200509,2005,°¨²ï,MATSA
200508,2005,¥Ë¦è,WASHI
200507,2005,¯Z«Û,BANYAN
200506,2005,©`®æ,NALGAE
200505,2005,®ü´Å,HAITANG
200504,2005,¥§²ï,NESAT
200503,2005,®á¥d,SONCA
200502,2005,¬¥§J,ROKE
200501,2005,®w©Ô,KULAP
200429,2004,¿Õ¿c,NORU
200428,2004,¶ð©Ô´µ,TALAS
200427,2004,«nº¿³£,NANMADOL
200426,2004,²ö¬f,MERBOK
200425,2004,±öªá,MUIFA
200424,2004,¯Ç©Z,NOCK-TEN
200423,2004,³³¥d°ò,TOKAGE
200422,2004,°¨¾b,MA-ON
200421,2004,¦Ì¹p,MEARI
200420,2004,®ü°¨,HAIMA
200419,2004,²ï²ú¨Î,SARIKA
200418,2004,®á¹F,SONGDA
200417,2004,¦ã§Q,AERE
200416,2004,¨ÎªÝ,CHABA
200415,2004,±ö®V,MEGI
200414,2004,°¨°Ç¥d,MALAKAS
200413,2004,Äõ¹ç,RANANIM
200412,2004,²öÄõ¸¦,MERANTI
200411,2004,º¿·ê,MALOU
200410,2004,«n­×,NAMTHEUN
200409,2004,±d¬f´µ,KOMPASU
200408,2004,´@´@,TINGTING
200407,2004,±Ó·þ§Q,MINDULLE
200406,2004,¹q¥À,DIANMU
200405,2004,Àö¾ð,CHANTHU
200404,2004,±d´Ë,CONSON
200403,2004,¶ø³Á´µ,OMAIS
200402,2004,©gÌH,NIDA
200401,2004,µÎ¹F,SUDAL
200321,2003,¿cºÑ,LUPIT
200320,2003,¥§§B¯S,NEPARTAK
200319,2003,¦Ì°Ç,MELOR
200318,2003,ªÝº¿,PARMA
200317,2003,³Í²ï®R,KETSANA
200316,2003,¬ì´¶,KOPPU
200315,2003,±m¶³,CHOI-WAN
200314,2003,±ö¦Ì,MAEMI
200313,2003,§ùÃY,DUJUAN
200312,2003,¬ìÃ¹©ô,KROVANH
200311,2003,±ë°ª,VAMCO
200310,2003,¦ã³³,ETAU
200309,2003,²ö©Ô§J,MORAKOT
200308,2003,¬_¥§,KONI
200307,2003,¤¨¥¬³£,IMBUDO
200306,2003,Ä¬­}°Ç,SOUDELOR
200305,2003,«n¥d,NANGKA
200304,2003,½¬ªá,LINFA
200303,2003,©÷ÂE,CHAN-HOM
200302,2003,¬_¦N©Ô,KUJIRA
200301,2003,§°§°,YANYAN
200226,2002,´^±ô®R,PONGSONA
200225,2002,®ü¯«,HAISHEN
200224,2002,­×±F,HUKO
200223,2002,±ö²ï,MAYSAK
200222,2002,¤Ú«Â,BAVI
200221,2002,®ü°ª´µ,HIGOS
200220,2002,¦Ì§J©Ô,MEKKHALA
200219,2002,Á¥»e,CHANGMI
200218,2002,«¢®æ¤ñ,HAGUPIT
200217,2002,¥ì§Q,ELE
200216,2002,¨¯¼Ö§J,SINLAKU
200215,2002,ÅS²ï,RUSA
200214,2002,¤ý®p,VONGFONG
200213,2002,¤Ú³{,PHANFONE
200212,2002,¥d²ö¨½,KAMMURI
200211,2002,»ñ°Ä,FUNG-WONG
200210,2002,¥dª´°ò,KALMAEGI
200209,2002,­·¯«,FENGSHEN
200208,2002,®R§J²ú,NAKRI
200207,2002,«¢¶©,HALONG
200206,2002,¬d¯S¦w,CHATAAN
200205,2002,¹p°¨»¹,RAMMASUN
200204,2002,¿Õ¥j¤O,NOGURI
200203,2002,«¢¦N¨©,HAGIBIS
200202,2002,¦Ì¶ð,MITAG
200201,2002,¶ð¤Ú,TAPAH
200126,2001,µe¬Ü,VAMEI
200125,2001,ªk¦è,FAXAI
200124,2001,¥dªN©_,KAJIKI
200123,2001,¬Â¬Â,LINGLING
200122,2001,´¶³£,PODUL
200121,2001,®ü¿P,HAIYAN
200120,2001,¬_Ã¹²ï,KROSA
200119,2001,§Q©_°¨,LEKIMA
200118,2001,­S´µ°ª,FRANCISCO
200117,2001,­³©¬,VIPA
200116,2001,¯Ç²ú,NARI
200115,2001,¤¦®Rµ·,DANAS
200114,2001,µá¯S,FITOW
200113,2001,¸t©¬,SEPAT
200112,2001,±ï´£,WUTIP
200111,2001,©¬¥¬,PABUK
200110,2001,¯Q²ï¦N,USAGI
200109,2001,¸U©y,MAN-YI
200108,2001,®çªÛ,TORAJI
200107,2001,¥É¨ß,YUTU
200106,2001,±d·ç,KONG-REY
200105,2001,¼æ¬ü,TRAMI
200104,2001,¤×¯S,UTOR
200103,2001,ºhåÑ,DURIAN
200102,2001,©_¤ñ,CHEBI
200101,2001,¦è°¨¶©,CIMARON
200023,2000,Ä¬¤O,SOULIK
200022,2000,­Û¤ñ¨È,RUMBIA
200021,2000,¨©ºÑ¨Î,BEBINCA
200020,2000,¶H¯«,XANGSANE
200019,2000,¶®¦N,YAGI
200018,2000,¬À¬À,SHANSHAN
200017,2000,Ä¬¯Ç©i,SONAMU
200016,2000,®©ªÅ,WUKONG
200015,2000,Ä_µo,BOPHA
200014,2000,®á¬ü,SAOMAI
200013,2000,º¿²ú¨È,MARIA
200012,2000,¤Ú¤ñ¨Ú,PRAPIROON
200011,2000,³Í¦Ì,KAEMI
200010,2000,ºÑ§Q´µ,BILIS
200009,2000,¦ãºû¥§,EWINIAR
200008,2000,ªN©ÔµØ,JELAWAT
200007,2000,¬Ã¯],CHANCHU
200006,2000,¥¬©Ô¸U,BOLAVEN
200005,2000,¤Ñ¯¯,TEMBIN
200004,2000,±Ò¼w,KAI-TAK
200003,2000,©_¬¥°ò,KIROGI
200002,2000,Às¤ý,LONGWANG
200001,2000,¤¦·ç,DAMREY
199923,1999,¸¯¼ÖÂ§,GLORIA
199922,1999,ªkÄõ©_,FRANKIE
199921,1999,¥ìªÜ,EVE
199920,1999,¤¦®¦,DAN
199919,1999,³Í©i,CAM
199918,1999,¤Ú¯S,BART
199917,1999,¦w®¦,ANN
199916,1999,µX¨È,ZIA
199915,1999,¬ù§J,YORK
199914,1999,·Å¸¦,WENDY
199913,1999,«Â©_º¸,VIRGIL
199912,1999,ÃÓ¨È,TANYA
199911,1999,¤s©i,SAM
199910,1999,·çµX¨à,RACHEL
199909,1999,«OÃ¹,PAUL
199908,1999,¼Ú¨Î,OLGA
199907,1999,¥§º¸,NEIL
199906,1999,º¿®V,MAGGIE
199905,1999,§õ¼Ú,LEO
199904,1999,³Í¯S,KATE
199903,1999,¸ë¥i¤ñ,JACOB
199902,1999,¦ã·çµ·,IRIS
199901,1999,»®ÌH,HILDA
199817,1998,¦Nº¸,GIL
199816,1998,¶Oµ·,FAITH
199815,1998,¦ãºûµ·,ELVIS
199814,1998,¹D®¦,DAWN
199813,1998,©_´¶,CHIP
199812,1998,ªÝ¤ñµ·,BABS
199811,1998,¨È¤O¤h,ALEX
199810,1998,·ç§B,ZEB
199809,1998,·¨©g,YANNI
199808,1998,¥Ëº¸¹D,WALDO
199807,1998,ºûµX,VICKI
199806,1998,³³¼w,TODD
199805,1998,¥v¯S©Ô,STELLA
199804,1998,¹p§J´µ,REX
199803,1998,»«©g,PENNY
199802,1998,¶ø¦«,OTTO
199801,1998,©gçM¨à,NICHOLE
199731,1997,©¬¥d,PAKA
199730,1997,¼¯¯S,MORT
199729,1997,µY¹F,LINDA
199728,1997,³Í´µ,KEITH
199727,1997,Ã£®¦,JOAN
199726,1997,¦ã¤å,IVAN
199725,1997,º~§J,HANK
199724,1997,ª÷¦N¨à,GINGER
199723,1997,ºÖ¥ß¯÷,FRITZ
199722,1997,¦ã©Ô,ELLA
199721,1997,¤j½Ã,DAVID
199720,1997,¼Ú¤O¥Ë,OLIWA
199719,1997,¥dµ·,CASS
199718,1997,»«­^,BING
199717,1997,¦w¬Ä,AMBER
199716,1997,·ç¹F,ZITA
199715,1997,¤×¤O,YULE
199714,1997,·Å©g,WINNIE
199713,1997,ºû¯S,VICTOR
199712,1997,¸¦¯Ç,TINA
199711,1997,¥v¦Ò¯S,SCOTT
199710,1997,Ã¹¦è,ROSIE
199709,1997,©¼±o,PETER
199708,1997,¼Ú¬Ä,OPAL
199707,1997,¥§´µ¦h,NESTOR
199706,1997,º¿²|,MARIE
199705,1997,¨½ºû,LEVI
199704,1997,³Í§Q,KELLY
199703,1997,¦N¬ü,JIMMY
199702,1997,¨Ì²ï,ISA
199701,1997,º~®R,HANNH
199630,1996,¸¯¹p®æ,GREG
199629,1996,¥±®¦,FERN
199628,1996,º¸¥§,ERNIE
199627,1996,À¹¨à,DALE
199626,1996,¥dÃ¹,CARLO
199625,1996,¨©µ·,BETH
199624,1996,¦ã§B,ABEL
199623,1996,ÂÄ®¦,ZANE
199622,1996,¸­·O,YATES
199621,1996,­³§Q,WILLIE
199620,1996,ÃQµÜ¯S,VIOLET
199619,1996,´ö©i,TOM
199618,1996,²ï²ú,SALLY
199617,1996,·ç§J,RICK
199616,1996,¬£¬Ä,PIPER
199615,1996,¼Ú´Ë,ORSON
199614,1996,©g©_,NIKI
199613,1996,°¨«Ò,MARTY
199612,1996,ÄR²ï,LISA
199611,1996,¬_§J,KIRK
199610,1996,¸Ê¥ì,JOY
199609,1996,¨Ì¦w,IAN
199608,1996,¶P§B,HERB
199607,1996,¸¯¼ÖÂ§,GLORIA
199606,1996,ªkÄõ©_,FRANKIE
199605,1996,¥ìªÜ,EVE
199604,1996,¤¦®¦,DAN
199603,1996,³Í©i,CAM
199602,1996,¤Ú¯S,BART
199601,1996,¦w®¦,ANN
199525,1995,¤¦®¦,DAN
199524,1995,¬_µY,COLLEEN
199523,1995,¥¬µÜ®¦,BRIAN
199522,1995,¦wµX©Ô,ANGELA
199521,1995,ÂÄ§J,ZACK
199520,1995,¥ì¤Z¼w,YVETTE
199519,1995,µØ¼w,WARD
199518,1995,Á¨¶ø,VAL
199517,1995,®õ¼w,TED
199516,1995,³·¨©¨à,SIBYL
199515,1995,¿à®¦,RYAN
199514,1995,Ä_²ú,POLLY
199513,1995,¶ø´µ¥d,OSCAR
199512,1995,©g®R,NINA
199511,1995,°¨§J,MARK
199510,1995,¬¥¨Ìµ·,LOIS
199509,1995,ªÖ¯S,KENT
199508,1995,¬Ã©gµ·,JANIS
199507,1995,¼Ú¤å,IRVING
199506,1995,®ü­Û,HELEN
199505,1995,»\·ç,GARY
199504,1995,¶O¨Ì,FAYE
199503,1995,«³¨Ó,ELI
199502,1995,²ý¦w®R,DEANNA
199501,1995,«ê§J,CHUCK
199434,1994,ªÝ¤ñ,BOBBIE
199433,1994,¦ã§J¯Á,AXEL
199432,1994,·çº¸ÌH,ZELDA
199431,1994,¤×·ç,YURI
199430,1994,Á¨º¸¹F,WILDA
199429,1994,¥±®¦,VERNE
199428,1994,®õ·ç²ï,TERESA
199427,1994,®u´µ,SETH
199426,1994,ÅSµ·,RUTH
199425,1994,¬£¯S,PAT
199424,1994,¼Ú³Í¯S,ORCHID
199423,1994,­@¯S,NAT
199422,1994,±ö²ú²ï,MELISSA
199421,1994,¾|§J,LUKE
199420,1994,µ^¯Ç,KINNA
199419,1994,³ìº¸,JOEL
199418,1994,¦ãÁ¨,IVYN
199417,1994,«¢¹p,HARRY
199416,1994,¸¯©Ôµ·,GLADYS
199415,1994,¥±¹p¯S,FRED
199414,1994,·RÄR,ELLIE
199413,1994,¹D®æ,DOUG
199412,1994,³Í¯SµY,CAITLIN
199411,1994,¥¬Äõµn,BRENDAN
199410,1994,¦ã¬ü,AMY
199409,1994,©u§J,ZEKE
199408,1994,µú©g¨È,YUNYA
199407,1994,µØ¯S,WALT
199406,1994,­S©g²ï,VANESSA
199405,1994,´£©i,TIM
199404,1994,³·­Û,SHARON
199403,1994,¾|´µ,RUSS
199402,1994,¨Ø®V,PAGE
199401,1994,¶ø¤å,OWEN
199329,1993,©g¼Ú,NELL
199328,1993,³Á¥§,MANNY
199327,1993,Ã¹©Ô,LOLA
199326,1993,³Íº¸,KYLE
199325,1993,¬Ã¯Ç,JEANA
199324,1993,®J¬¥,IRA
199323,1993,®ü¸¦,HATTIE
199322,1993,³Ç®¦,GENE
199321,1993,ªÜÅÚ,FLO
199320,1993,¦ã¼w,ED
199319,1993,ÂL¯S,DOT
199318,1993,¦è¯Á,CECIL
199317,1993,»_µX,BECKY
199316,1993,¨È§B,ABE
199315,1993,¬X©Ô,ZOLA
199314,1993,·¨§Æ,YANCY
199313,1993,·Å¿Õ®R,WINONA
199312,1993,¶O«n,VERNON
199311,1993,¶ð²ï,TASHA
199310,1993,¥v­}¤Ò,STEVE
199309,1993,ÅÚÄ},ROBYN
199308,1993,ªi¦è,PERCY
199307,1993,¼Úµá²ú,OFELIA
199306,1993,¨º´Ë,NATHAN
199305,1993,º¿ÄR¦w,MARIAN
199304,1993,¼B©ö¤h,LEWIS
199303,1993,ÏÈ¯ô,KORYN
199302,1993,³Ç§J,JACK
199301,1993,°þº¿,IRMA
199231,1992,º~¯S,HUNT
199230,1992,»\¥ì,GAY
199229,1992,ºÖµÜ´µ,FORREST
199228,1992,¦ãº¸¦è,ELSIE
199227,1992,¤¦®¦,DAN
199226,1992,¬_µY,COLLEEN
199225,1992,¥¬µÜ®¦,BRIAN
199224,1992,¦wµX©Ô,ANGELA
199223,1992,ÂÄ§J,ZACK
199222,1992,¥ì¤Z¼w,YVETTE
199221,1992,µØ¼w,WARD
199220,1992,·L¶ø,VAL
199219,1992,®õ¼w,TED
199218,1992,³·¨©¨à,SIBYL
199217,1992,¿à®¦,RYAN
199216,1992,Ä_²ú,POLLY
199215,1992,¼Ú°¨,OMAR
199214,1992,©g®R,NINA
199213,1992,°¨§J,MARK
199212,1992,¬¥¨Ìµ·,LOIS
199211,1992,ªÖ¯S,KENT
199210,1992,¬Ã©gµ·,JANIS
199209,1992,¼Ú¤å,IRVING
199208,1992,®ü­Û,HELEN
199207,1992,»\·ç,GARY
199206,1992,¶O¨Ì,FAYE
199205,1992,«³¨Ó,ELI
199204,1992,²ý¦w®R,DEANNA
199203,1992,«ê§J,CHUCK
199202,1992,ªÝ¤ñ,BOBBIE
199201,1992,·R§J¯Á,AXEL
199129,1991,·çº¸ÌH,ZELDA
199128,1991,¤×·ç,YURI
199127,1991,Á¨º¸¹F,WILDA
199126,1991,¥±®¦,VERNE
199125,1991,ÁÉ¬¥º¿,THELMA
199124,1991,®u´µ,SETH
199123,1991,ÅSµ·,RUTH
199122,1991,¬£¯S,PAT
199121,1991,¼Ú³Í¯S,ORCHID
199120,1991,­@¯S,NAT
199119,1991,±K·ç¨à,MIREILLE
199118,1991,¾|§J,LUKE
199117,1991,µ^¯Ç,KINNA
199116,1991,³ìº¸,JOEL
199115,1991,¦ãÁ¨,IVY
199114,1991,«¢¹p,HARRY
199113,1991,¸¯©Ôµ·,GLADYS
199112,1991,¥±¹p¯S,FRED
199111,1991,·RÄR,ELLIE
199110,1991,¹D®æ,DOUG
199109,1991,³Í¯SµY,CAITLIN
199108,1991,¥¬Äxµn,BRENDAN
199107,1991,¦ã¬ü,AMY
199106,1991,©u§J,ZEKE
199105,1991,µú©g¨È,YUNYA
199104,1991,µØ¯S,WALT
199103,1991,­S©g²ï,VANESSA
199102,1991,´£©i,TIM
199101,1991,³·­Û,SHARON
199030,1990,¾|´µ,RUSS
199029,1990,¨Ø®V,PAGE
199028,1990,¶ø¤å,OWEN
199027,1990,©g¼Ú,NELL
199026,1990,³Á§J,MIKE
199025,1990,Ã¹©Ô,LOLA
199024,1990,³Íº¸,KYLE
199023,1990,¬Ã¯Ç,JEANA
199022,1990,®J¬¥,IRA
199021,1990,®ü¸¦,HATTIE
199020,1990,³Ç®¦,GENE
199019,1990,ªÜÅÚ,FLO
199018,1990,¦ã¼w,ED
199017,1990,ÂL¯S,DOT
199016,1990,¦è¯Á,CECIL
199015,1990,»_µX,BECKY
199014,1990,¨È§B,ABE
199013,1990,¬X©Ô,ZOLA
199012,1990,·¨§Æ,YANCY
199011,1990,·Å¿Õ®R,WINONA
199010,1990,¶O«n,VERNON
199009,1990,¶ð²ï,TASHA
199008,1990,¥v­}¤Ò,STEVE
199007,1990,ÅÚÄ},ROBYN
199006,1990,ªi¦è,PERCY
199005,1990,¼Úµá²ú,OFELIA
199004,1990,¨º´Ë,NATHAN
199003,1990,º¿ÄR¦w,MARIAN
199002,1990,¼B©ö¤h,LEWIS
199001,1990,ÏÈ¯ô,KORYN
198985,1989,-99,TD35W
198971,1989,-99,TD21W
198969,1989,-99,TD19W
198962,1989,-99,TD12W
198932,1989,³Ç§J,JACK
198931,1989,¥ìº¿,IRMA
198930,1989,º~¯S,HUNT
198929,1989,»\¥ì,GAY
198928,1989,ºÖµÜ´µ,FORREST
198927,1989,¦ãº¸¦è,ELSIE
198926,1989,¤¦®¦,DAN
198925,1989,¬_µY,COLLEEN
198924,1989,¥¬µÜ®¦,BRIAN
198923,1989,¦wµX©Ô,ANGELA
198922,1989,­³®¦,WAYNE
198921,1989,Á¨©Ô,VERA
198920,1989,¨f´¶,TIP
198919,1989,²ï©Ô,SARAH
198918,1989,Ã¹ªN,ROGER
198917,1989,¨Ø®V,PEGGY
198916,1989,«n¬I,NANCY
198915,1989,¶ø¤å,OWEN
198914,1989,³Á§J,MAC
198913,1989,Ã¹©Ô,LOLA
198912,1989,ªÖ®¦Ã¹©Ô,KEN-LOLA
198911,1989,¸Ê­},JUDY
198910,1989,¼Ú±Ó,IRVING
198909,1989,¶P¿\,HOPE
198908,1989,¤àµn,GORDON
198907,1989,¶O¨Ì,FAYE
198906,1989,¦ã°Ç¤h,ELLIS
198905,1989,À¹¯S,DOT
198904,1989,¦è¥K,CECIL
198903,1989,¥ÕÄõÂL,BRENDA
198902,1989,¦w­},ANDY
198901,1989,·Å¿Õ®R,WINONA
198853,1988,-99,TD03W
198825,1988,Á¨¶ø,VAL
198824,1988,¸¦µ·,TESS
198823,1988,´µ³Í´¶,SKIP
198822,1988,¾|ºÑ,RUBY
198821,1988,¬£¯S,PAT
198820,1988,¼ÚÂL²ï,ODESSA
198819,1988,¥§º¸´Ë,NELSON
198818,1988,º¿¬ü,MAMIE
198817,1988,§õ¤¨,LEE
198816,1988,§J¸¦,KIT
198815,1988,³Ç¤Ò,JEFF
198814,1988,¥ìº¿,IRMA
198813,1988,®üº¸,HAL
198812,1988,»\¥ì,GAY
198811,1988,¶O»«,FABIAN
198810,1988,¦ãº¸¦è,ELSIE
198809,1988,§ùº¸,DOYLE
198808,1988,¸¯µÜ©Ô,CLARA
198807,1988,¤ñº¸,BILL
198806,1988,¦ã©gµ·,AGNES
198805,1988,µØ­Û,WARREN
198804,1988,­S©g²ï,VANESSA
198803,1988,ÁÉ¼w,THAD
198802,1988,Ä¬¬À,SUSAN
198801,1988,Ã¹¨Ì,ROY
198767,1987,-99,TD17W
198724,1987,¶O²úµ·,PHYLLIS
198723,1987,¶ø§J¹y,OGDEN
198722,1987,©g®R,NINA
198721,1987,²ö·ç,MAURY
198720,1987,µY®¦,LYNN
198719,1987,³Í²ú,KELLY
198718,1987,¸Ê®¦,JUNE
198717,1987,¨Ø³Í,PEKE
198716,1987,¨Ì¦w,IAN
198715,1987,°qÄR,HOLLY
198714,1987,³Ç¾|±o,GERALD
198713,1987,ªÜ·ç¹F,FREDA
198712,1987,¦ã¼w,ED
198711,1987,ÂL¯Ç,DINAH
198710,1987,³Í·ç,CARY
198709,1987,¨©¸¦,BETTY
198708,1987,¨È¤O¤h,ALEX
198707,1987,ÃQ®¦,WYNNE
198706,1987,¶O«n,VERNON
198705,1987,ÁÉ¬¥º¿,THELMA
198704,1987,´µºÑ·ç,SPERRY
198703,1987,¾|¤h,RUTH
198702,1987,ªi¦è,PERCY
198701,1987,¼Ú³Í¯S,ORCHID
198692,1986,-99,VERA1
198691,1986,-99,GEORGETTE
198626,1986,¿Õ·ç´µ,NORRIS
198625,1986,º¿ªÛ,MARGE
198624,1986,°Ç§J´µ,LEX
198623,1986,¶}±ö,KIM
198622,1986,³ì¨Ì,JOE
198621,1986,¦ã¹F,IDA
198620,1986,¶P§B¯S,HERBERT
198619,1986,³ìµX¨È,GEORGIA
198618,1986,ºÖµÜ´µ,FORREST
198617,1986,¦ã­Û,ELLEN
198616,1986,­ð©i,DOM
198615,1986,¥dªù,CARMEN
198614,1986,¯Z®¦,BEN
198613,1986,¦ã¨©,ABBY
198612,1986,­³®¦,WAYNE
198611,1986,Á¨©Ô,VERA
198610,1986,¨f´¶,TIP
198609,1986,²ï©Ô,SARAH
198608,1986,Ã¹ªN,ROGER
198607,1986,¨Ø®V,PEGGY
198606,1986,¶ø¤å,OWEN
198605,1986,«n¬I,NANCY
198604,1986,³Á§J,MAC
198603,1986,Ã¹©Ô,LOLA
198602,1986,ªÖ®¦,KEN
198601,1986,¸Ê­},JUDY
198554,1985,-99,TD04W
198526,1985,¼Ú±Ó,IRVING
198525,1985,¶P¿\,HOPE
198524,1985,¤àµn,GORDON
198523,1985,¶O¨Ì,FAYE
198522,1985,¦ã°Ç¤h,ELLIS
198521,1985,À¹¯S,DOT
198520,1985,¦è¥K,CECIL
198519,1985,¥ÕÄõÂL,BRENDA
198518,1985,¦w­},ANDY
198517,1985,·Å¿Õ®R,WINONA
198516,1985,½Ã¶ø,VAL
198515,1985,¸¦µ·,TESS
198514,1985,´µ³Í´¶,SKIP
198513,1985,¾|ºÑ,RUBY
198512,1985,¬£¯S,PAT
198511,1985,¼ÚÂL²ï,ODESSA
198510,1985,¥§º¸´Ë,NELSON
198509,1985,º¿¬ü,MAMIE
198508,1985,§õ¤¨,LEE
198507,1985,§J¸¦,KIT
198506,1985,³Ç¤Ò,JEFF
198505,1985,¥ìº¿,IRMA
198504,1985,®üº¸,HAL
198503,1985,»\¥ì,GAY
198502,1985,¶O»«,FABIAN
198501,1985,¦ãº¸¦è,ELSIE
198473,1984,-99,TD23W
198462,1984,-99,TD12W
198459,1984,-99,TD09W
198427,1984,§ùº¸,DOYLE
198426,1984,¸¯µÜ©Ô,CLARA
198425,1984,¤ñº¸,BILL
198424,1984,¦ã©gµ·,AGNES
198423,1984,µØ­Û,WARREN
198422,1984,­S©g²ï,VANESSA
198421,1984,ÁÉ¼w,THAD
198420,1984,Ä¬¬À,SUSAN
198419,1984,Ã¹¨Ì,ROY
198418,1984,¶O²úµ·,PHYLLIS
198417,1984,¶ø§J¹y,OGDEN
198416,1984,©g®R,NINA
198415,1984,²ö·ç,MAURY
198414,1984,µY®¦,LYNN
198413,1984,³Í²ú,KELLY
198412,1984,¸Ê®¦,JUNE
198411,1984,¦ã§J,IKE
198410,1984,°qÄR,HOLLY
198409,1984,³Ç¾|±o,GERALD
198408,1984,ªÜ·ç¹F,FREDA
198407,1984,¦ã¼w,ED
198406,1984,ÂL¯Ç,DINAH
198405,1984,³Í·ç,CARY
198404,1984,¨©¸¦,BETTY
198403,1984,¨È¤O¤h,ALEX
198402,1984,ÃQ®¦,WYNNE
198401,1984,¶O«n,VERNON
198359,1983,-99,TD09W
198323,1983,ÁÉ¬¥º¿,THELMA
198322,1983,´µºÑ·ç,SPERRY
198321,1983,¾|¤h,RUTH
198320,1983,ªi¦è,PERCY
198319,1983,¼Ú³Í¯S,ORCHID
198318,1983,¿Õ·ç´µ,NORRIS
198317,1983,º¿ªÛ,MARGE
198316,1983,°Ç§J´µ,LEX
198315,1983,¶}±ö,KIM
198314,1983,³ì¥ì,JOE
198313,1983,¦ã¹F,IDA
198312,1983,¶P§B¯S,HERBERT
198311,1983,³ìµX¨È,GEORGIA
198310,1983,ºÖµÜ´µ,FORREST
198309,1983,¦ã­Û,ELLEN
198308,1983,­ð©i,DOM
198307,1983,¥dªù,CARMEN
198306,1983,¯Z®¦,BEN
198305,1983,¦ã¨©,ABBY
198304,1983,­³®¦,WAYNE
198303,1983,Á¨©Ô,VERA
198302,1983,¨f´¶,TIP
198301,1983,²ï©Ô,SARAH
198275,1982,-99,TD25
198272,1982,-99,TD22
198226,1982,Ã¹ªN,ROGER
198225,1982,ªi±K©Ô,PAMELA
198224,1982,¶ø¤å,OWEN
198223,1982,«n¬I,NANCY
198222,1982,³Á§J,MAC
198221,1982,Ã¹©Ô,LOLA
198220,1982,ªÖ®¦,KEN
198219,1982,¸Ê­},JUDY
198218,1982,¼Ú±Ó,IRVING
198217,1982,¶P¿\,HOPE
198216,1982,¤àµn,GORDON
198215,1982,¶O¨Ì,FAYE
198214,1982,¦ã°Ç¤h,ELLIS
198213,1982,ÂL¯S,DOT
198212,1982,¦è¥K,CECIL
198211,1982,¨©µ·,BESS
198210,1982,¦w­},ANDY
198209,1982,·Å¿Õ®R,WINONA
198208,1982,½Ã¶ø,VAL
198207,1982,¸¦µ·,TESS
198206,1982,´µ³Í´¶,SKIP
198205,1982,¾|ºÑ,RUBY
198204,1982,¬£¯S,PAT
198203,1982,¼ÚÂL²ï,ODESSA
198202,1982,¥§º¸´Ë,NELSON
198201,1982,º¿¬ü,MAMIE
198161,1981,-99,TD11
198128,1981,§õ¤¨,LEE
198127,1981,§J¸¦,KIT
198126,1981,³Ç¤Ò,JEFF
198125,1981,¥ìº¿,IRMA
198124,1981,®ü·æ,HAZEN
198123,1981,»\¥ì,GAY
198122,1981,¶O»«,FABIAN
198121,1981,¦ãº¸¦è,ELSIE
198120,1981,§ùº¸,DOYLE
198119,1981,¸¯µÜ©Ô,CLARA
198118,1981,¤ñº¸,BILL
198117,1981,¦ã©gµ·,AGNES
198116,1981,µØ­Û,WARREN
198115,1981,­S©g²ï,VANESSA
198114,1981,ÁÉ¼w,THAD
198113,1981,Ä¬¬À,SUSAN
198112,1981,Ã¹¨Ì,ROY
198111,1981,¶O²úµ·,PHYLLIS
198110,1981,¶ø§J¹y,OGDEN
198109,1981,©g®R,NINA
198108,1981,²ö·ç,MAURY
198107,1981,µY®¦,LYNN
198106,1981,³Í²ú,KELLY
198105,1981,¸Ê®¦,JUNE
198104,1981,¦ã§J,IKE
198103,1981,°qÄR,HOLLY
198102,1981,³Ç¾|±o,GERALD
198101,1981,ªÜ·ç¹F,FREDA
198066,1980,-99,TD16
198064,1980,-99,TD14
198060,1980,-99,TD10
198051,1980,-99,TD01
198024,1980,¦ã¼w,ED
198023,1980,ÂL¯Ç,DINAH
198022,1980,³Í·ç,CARY
198021,1980,¨©¸¦,BETTY
198020,1980,¨È¤O¤h,ALEX
198019,1980,ÃQ®¦,WYNNE
198018,1980,¶O«n,VERNON
198017,1980,ÁÉ¬¥º¿,THELMA
198016,1980,´µºÑ·ç,SPERRY
198015,1980,¾|¤h,RUTH
198014,1980,ªi¦è,PERCY
198013,1980,¼Ú³Í¯S,ORCHID
198012,1980,¿Õ·ç´µ,NORRIS
198011,1980,º¿ªÛ,MARGE
198010,1980,°Ç§J´µ,LEX
198009,1980,¶}±ö,KIM
198008,1980,³ì¥ì,JOE
198007,1980,¦ã¹F,IDA
198006,1980,¶P§B¯S,HERBERT
198005,1980,³ìµX¨È,GEORGIA
198004,1980,ºÖµÜ´µ,FORREST
198003,1980,¦ã­Û,ELLEN
198002,1980,­ð©i,DOM
198001,1980,¥dªù,CARMEN
197923,1979,¯Z®¦,BEN
197922,1979,¦ã¨©,ABBY
197921,1979,­³®¦,WAYNE
197920,1979,Á¨©Ô,VERA
197919,1979,¨f´¶,TIP
197918,1979,²ï©Ô,SARAH
197917,1979,Ã¹ªN,ROGER
197916,1979,ªi±K©Ô,PAMELA
197915,1979,¶ø¤å,OWEN
197914,1979,«n¬I,NANCY
197913,1979,³Á§J,MAC
197912,1979,Ã¹©Ô,LOLA
197911,1979,ªÖ®¦,KEN
197910,1979,¯ü­},JUDY
197909,1979,¼Ú±Ó,IRVING
197908,1979,¶P¿\,HOPE
197907,1979,¤àµn,GORDON
197906,1979,¶O¨Ì,FAYE
197905,1979,¦ã°Ç¤h,ELLIS
197904,1979,ÂL¯S,DOT
197903,1979,¦è¥K,CECIL
197902,1979,¨©µ·,BESS
197901,1979,¦ãÄRµ·,ALICE
197828,1978,·Å©g,WINNIE
197827,1978,½Ã¼Ú©Ô,VIOLA
197826,1978,¸¦µ·,TESS
197825,1978,²ú®õ,RITA
197824,1978,¶O²úµ·,PHYLLIS
197823,1978,°þ©Ô,ORA
197822,1978,©g®R,NINA
197821,1978,º¿¬ü,MAMIE
197820,1978,Ã¹©Ô,LOLA
197819,1978,§J¸¦,KIT
197818,1978,¸Ê­},JUDY
197817,1978,¥ìº¿,IRMA
197816,1978,®ü´µ¯S,HESTER
197815,1978,¸¯¼ÖÂ§,GLORIA
197814,1978,¶O¨Ì,FAYE
197813,1978,¦ãµY,ELAINE
197812,1978,ÂL©Ô,DELLA
197811,1978,¥dªù,CARMEN
197810,1978,¨¹©g,BONNIE
197809,1978,¦ã©gµ·,AGNES
197808,1978,­S­},WENDY
197807,1978,¦òµ^¥§,VIRGINIA
197806,1978,±Zµ·,TRIX
197805,1978,³·²ú,SHIRLEY
197804,1978,Ã¹µ·,ROSE
197803,1978,¬Á²ú,POLLY
197802,1978,¼Ú²úªÜ,OLIVE
197801,1978,®R©w,NADINE
197721,1977,º¿ÄR,MARY
197720,1977,ÅS¦è,LUCY
197719,1977,º¿ÄR,MARY
197718,1977,ÅS¦è,LUCY
197717,1977,¶}±ö,KIM
197716,1977,µ^®¦,JEAN
197715,1977,¦ãß»,IVY
197714,1977,«¢²ú,HARRIET
197713,1977,¦N¹F,GILDA
197712,1977,ªÜ·ç¹F,FREDA
197711,1977,Åaº¿,EMMA
197710,1977,ÂL¯Ç,DINAH
197709,1977,¥d©Ô,CARLA
197708,1977,Ä_¨Ø,BABE
197707,1977,·R¬ü,AMY
197706,1977,¸U¹F,WANDA
197705,1977,Á¨©Ô,VERA
197704,1977,ÁÉ¬¥º¿,THELMA
197703,1977,²ï©Ô,SARAH
197702,1977,¾|µ·,RUTH
197701,1977,¥Õ¦è,PATSY
197625,1976,¼Ú¬Ä,OPAL
197624,1976,®R©Ô,NORA
197623,1976,º¿ªÛ,MARGE
197622,1976,¾|¨Ìµ·,LOUISE
197621,1976,Ã£¦w,JOAN
197620,1976,¦ã·çµ·,IRIS
197619,1976,¶P´¶,HOPE
197618,1976,³ìµX¨È,GEORGIA
197617,1976,ªÜ¦w,FRAN
197616,1976,¦ã­Û,ELLEN
197615,1976,À¹¯S,DOT
197614,1976,¸¯µÜ©Ô,CLARA
197613,1976,²¦²ú,BILLIE
197612,1976,¦ã©g¹F,ANITA
197611,1976,ÃQ¹F,WILDA
197610,1976,½ÃµÜ¯S,VIOLET
197609,1976,ÁÉ·çµ·,THERESE
197608,1976,¨F²ú,SALLY
197607,1976,¾|ºÑ,RUBY
197606,1976,ªi±K©Ô,PAMELA
197605,1976,¼Ú¥[,OLGA
197604,1976,«n¬I,NANCY
197603,1976,±ö·ç,MARIE
197602,1976,³Ò®R,LORNA
197601,1976,³Í¦è,KATHY
197520,1975,¸Ê®¦,JUNE
197519,1975,¦ã¹F,IDA
197518,1975,®ü­Û,HELEN
197517,1975,¸¯·çµ·,GRACE
197516,1975,ªÜ³Ò¦è,FLOSSIE
197515,1975,¦ãº¸¦è,ELSIE
197514,1975,³£ÄRµ·,DORIS
197513,1975,±F©Ô,CORA
197512,1975,¨©¸¦,BETTY
197511,1975,¦ãÄRµ·,ALICE
197510,1975,·Å©g,WINNIE
197509,1975,½Ã¼Ú©Ô,VIOLA
197508,1975,¸¦µ·,TESS
197507,1975,Ä¬¬À,SUSAN
197506,1975,²ú®õ,RITA
197505,1975,¶O²úµ·,PHYLLIS
197504,1975,°þ©Ô,ORA
197503,1975,©g®R,NINA
197502,1975,º¿¬ü,MAMIE
197501,1975,Ã¹©Ô,LOLA
197432,1974,§J¸¦,KIT
197431,1974,¸Ê­},JUDY
197430,1974,¥ìº¿,IRMA
197429,1974,®ü´µ¯S,HESTER
197428,1974,¸¯¼ÖÂ§,GLORIA
197427,1974,¶O¨Ì,FAYE
197426,1974,¦ãµY,ELAINE
197425,1974,ÂL©Ô,DELLA
197424,1974,¥dªù,CARMEN
197423,1974,¨©µ·,BESS
197422,1974,¦ã©gµ·,AGNES
197421,1974,­S­},WENDY
197420,1974,¦òµ^¥§,VIRGINIA
197419,1974,±Zµ·,TRIX
197418,1974,³·²ú,SHIRLEY
197417,1974,Ã¹µ·,ROSE
197416,1974,¬Á²ú,POLLY
197415,1974,®R©w,NADINE
197414,1974,º¿ÄR,MARY
197413,1974,ÅS¦è,LUCY
197412,1974,¶}±ö,KIM
197411,1974,µ^®¦,JEAN
197410,1974,¦ã«Â,IVY
197409,1974,«¢²ú,HARRIET
197408,1974,¦N¹F,GILDA
197407,1974,ªÜ·ç¹F,FREDA
197406,1974,Åaº¿,EMMA
197405,1974,ÂL¯Ç,DINAH
197404,1974,¥d©Ô,CARLA
197403,1974,Ä_¨Ø,BABE
197402,1974,·R¬ü,AMY
197401,1974,¸U¹F,WANDA
197321,1973,Á¨©Ô,VERA
197320,1973,ÁÉº¿,THELMA
197319,1973,²ï©Ô,SARAH
197318,1973,¾|µ·,RUTH
197317,1973,¥Õ¦è,PATSY
197316,1973,¼Ú¬Ä,OPAL
197315,1973,®R©Ô,NORA
197314,1973,º¿ªÛ,MARGE
197313,1973,¾|¨Ìµ·,LOUISE
197312,1973,³Í¸¦,KATE
197311,1973,Ã£¦w,JOAN
197310,1973,¦ãÄRµ·,IRIS
197309,1973,¶P´¶,HOPE
197308,1973,³ìµX¨È,GEORGIA
197307,1973,ªÜ¦w,FRAN
197306,1973,¦ã­Û,ELLEN
197305,1973,À¹¯S,DOT
197304,1973,¸¯µÜ©Ô,CLARA
197303,1973,²¦²ú,BILLIE
197302,1973,¦ã©g¹F,ANITA
197301,1973,ÃQ¹F,WILDA
197230,1972,½ÃµÜ¯S,VIOLET
197229,1972,ÁÉ·çµ·,THERESE
197228,1972,¨F²ú,SALLY
197227,1972,¾|ºÑ,RUBY
197226,1972,ªi±K©Ô,PAMELA
197225,1972,¼Ú¥[,OLGA
197224,1972,«n¬I,NANCY
197223,1972,±ö·ç,MARIE
197222,1972,³Ò¨º,LORNA
197221,1972,³Í¦è,KATHY
197220,1972,¦ã¹F,IDA
197219,1972,®ü­Û,HELEN
197218,1972,¸¯·çµ·,GRACE
197217,1972,ªÜ³Ò¦è,FLOSSIE
197216,1972,¦ãº¸¦è,ELSIE
197215,1972,³£ÄRµ·,DORIS
197214,1972,±F©Ô,CORA
197213,1972,¨©¸¦,BETTY
197212,1972,¦ãÄRµ·,ALICE
197211,1972,·Å©g,WINNIE
197210,1972,½Ã¼Ú©Ô,VIOLA
197209,1972,¸¦µ·,TESS
197208,1972,Ä¬¬À,SUSAN
197207,1972,²ú®õ,RITA
197206,1972,¶O²úµ·,PHYLLIS
197205,1972,°þ©Ô,ORA
197204,1972,©g®R,NINA
197203,1972,º¿¬ü,MAMIE
197202,1972,Ã¹©Ô,LOLA
197201,1972,§J¸¦,KIT
197135,1971,¸Ê­},JUDY
197134,1971,¥ìº¿,IRMA
197133,1971,®ü´µ¯S,HESTER
197132,1971,¸¯¼ÖÂ§,GLORIA
197131,1971,¶O¨Ì,FAYE
197130,1971,¦ãµY,ELAINE
197129,1971,ÂL©Ô,DELLA
197128,1971,¥dªù,CARMEN
197127,1971,¨©µ·,BESS
197126,1971,¦ã©gµ·,AGNES
197125,1971,­S­},WENDY
197124,1971,¦òµ^¥§,VIRGINIA
197123,1971,±Zµ·,TRIX
197122,1971,³·²ú,SHIRLEY
197121,1971,Ã¹µ·,ROSE
197120,1971,¬Á²ú,POLLY
197119,1971,¼Ú²úªÜ,OLIVE
197118,1971,®R©w,NADINE
197117,1971,º¿ÄR,MARY
197116,1971,ÅS¦è,LUCY
197115,1971,¶}±ö,KIM
197114,1971,µ^®¦,JEAN
197113,1971,¦ã«Â,IVY
197112,1971,«¢²ú,HARRIET
197111,1971,¦N¹F,GILDA
197110,1971,ªÜ·ç¹F,FREDA
197109,1971,Åaº¿,EMMA
197108,1971,ÂL¯Ç,DINAH
197107,1971,¸Ñ©Ô,CARLA
197106,1971,Ä_¨Ø,BABE
197105,1971,·R¬ü,AMY
197104,1971,¸U¹F,WANDA
197103,1971,Á¨©Ô,VERA
197102,1971,ÁÉ¬¥º¿,THELMA
197101,1971,²ï©Ô,SARAH
197026,1970,¾|¤h,RUTH
197025,1970,¥Õ¦è,PATSY
197024,1970,¼Ú¬Ä,OPAL
197023,1970,®R©Ô,NORA
197022,1970,º¿ªÛ,MARGE
197021,1970,¾|¨Ìµ·,LOUISE
197020,1970,³Í¸¦,KATE
197019,1970,Ã£¦w,JOAN
197018,1970,¦ã·çµ·,IRIS
197017,1970,¶P´¶,HOPE
197016,1970,³ìµX¨È,GEORGIA
197015,1970,ªÜ¦w,FRAN
197014,1970,¦ã­Û,ELLEN
197013,1970,À¹¯S,DOT
197012,1970,¸¯µÜ©Ô,CLARA
197011,1970,²¦²ú,BILLIE
197010,1970,¦ã©g¹F,ANITA
197009,1970,ÃQ¹F,WILDA
197008,1970,½ÃµÜ¯S,VIOLET
197007,1970,ÁÉ·çµ·,THERESE
197006,1970,µL¦WºÙ,TD06
197005,1970,¨F²ú,SALLY
197004,1970,¾|ºÑ,RUBY
197003,1970,ªi±K©Ô,PAMELA
197002,1970,¼Ú¥[,OLGA
197001,1970,«n¬I,NANCY
196919,1969,º¿ÄR,MARIE
196918,1969,³Ò®R,LORNA
196917,1969,³Í¦è,KATHY
196916,1969,¸Ê®¦,JUNE
196915,1969,¦ã¹F,IDA
196914,1969,®ü­Û,HELEN
196913,1969,¸¯·çµ·,GRACE
196912,1969,ªÜ³Ò¦è,FLOSSIE
196911,1969,¦ãº¸¦è,ELSIE
196910,1969,³£ÄRµ·,DORIS
196909,1969,±F©Ô,CORA
196908,1969,¨©¸¦,BETTY
196907,1969,¦ãÄRµ·,ALICE
196906,1969,·Å©g,WINNIE
196905,1969,½Ã¼Ú©Ô,VIOLA
196904,1969,¸¦µ·,TESS
196903,1969,Ä¬¬À,SUSAN
196902,1969,²ú®õ,RITA
196901,1969,¶O²úµ·,PHYLLIS
196827,1968,°þ©Ô,ORA
196826,1968,©g®R,NINA
196825,1968,º¿¬ü,MAMIE
196824,1968,Ã¹©Ô,LOLA
196823,1968,§J¸¦,KIT
196822,1968,¸Ê­},JUDY
196821,1968,¥ìº¿,IRMA
196820,1968,®ü´µ¯S,HESTER
196819,1968,¸¯¼ÖÂ§,GLORIA
196818,1968,¶O¨Ì,FAYE
196817,1968,¦ãµY,ELAINE
196816,1968,ÂL©Ô,DELLA
196815,1968,¥dªù,CARMEN
196814,1968,¨©µ·,BESS
196813,1968,¦ã©gµ·,AGNES
196812,1968,­S­},WENDY
196811,1968,¦òµ^¥§,VIRGINIA
196810,1968,±Zµ·,TRIX
196809,1968,³·²ú,SHIRLEY
196808,1968,Ã¹µ·,ROSE
196807,1968,¬Á²ú,POLLY
196806,1968,¼Ú²úªÜ,OLIVE
196805,1968,®R©w,NADINE
196804,1968,º¿ÄR,MARY
196803,1968,ÅS¦è,LUCY
196802,1968,¶}±ö,KIM
196801,1968,µ^®¦,JEAN
196735,1967,¦ã«Â,IVY
196734,1967,«¢²ú,HARRIET
196733,1967,¦N¹F,GILDA
196732,1967,ªÜ·ç¹F,FREDA
196731,1967,Åaº¿,EMMA
196730,1967,ÂL¯Ç,DINAH
196729,1967,¸Ñ©Ô,CARLA
196728,1967,Ä_¨Ø,BABE
196727,1967,·R¬ü,AMY
196726,1967,¸U¹F,WANDA
196725,1967,Á¨©Ô,VERA
196724,1967,ÁÉ¬¥º¿,THELMA
196723,1967,²ï©Ô,SARAH
196722,1967,¾|¤h,RUTH
196721,1967,¥Õ¦è,PATSY
196720,1967,¼Ú¬Ä,OPAL
196719,1967,®R©Ô,NORA
196718,1967,º¿ªÛ,MARGE
196717,1967,¾|¨Ìµ·,LOUISE
196716,1967,³Í¸¦,KATE
196715,1967,Ã£¦w,JOAN
196714,1967,¦ã·çµ·,IRIS
196713,1967,¶P´¶,HOPE
196712,1967,³ìµX¨È,GEORGIA
196711,1967,ªÜ¦w,FRAN
196710,1967,¦ã­Û,ELLEN
196709,1967,À¹¯S,DOT
196708,1967,¸¯µÜ©Ô,CLARA
196707,1967,²¦²ú,BILLIE
196706,1967,¦ã©g¹F,ANITA
196705,1967,ÃQ¹F,WILDA
196704,1967,½ÃµÜ¯S,VIOLET
196703,1967,ÁÉ·çµ·,THERESE
196702,1967,¨F²ú,SALLY
196701,1967,¾|ºÑ,RUBY
196630,1966,ªi±K©Ô,PAMELA
196629,1966,¼Ú¥[,OLGA
196628,1966,«n¬I,NANCY
196627,1966,±ö·ç,MARIE
196626,1966,³Ò®R,LORNA
196625,1966,³Í¦è,KATHY
196624,1966,¸Ê®¦,JUNE
196623,1966,¦ã¹F,IDA
196622,1966,®ü­Û,HELEN
196621,1966,¸¯·çµ·,GRACE
196620,1966,ªÜ³Ò¦è,FLOSSIE
196619,1966,¦ãº¸¦è,ELSIE
196618,1966,³£ÄRµ·,DORIS
196617,1966,±F©Ô,CORA
196616,1966,¨©¸¦,BETTY
196615,1966,¦ãÄRµ·,ALICE
196614,1966,·Å©g,WINNIE
196613,1966,½Ã¼Ú©Ô,VIOLA
196612,1966,¸¦µ·,TESS
196611,1966,Ä¬¬À,SUSAN
196610,1966,²ú®õ,RITA
196609,1966,¶O²úµ·,PHYLLIS
196608,1966,°þ©Ô,ORA
196607,1966,©g®R,NINA
196606,1966,º¿¬ü,MAMIE
196605,1966,Ã¹©Ô,LOLA
196604,1966,§J¸¦,KIT
196603,1966,¸Ê­},JUDY
196602,1966,¥ìº¿,IRMA
196601,1966,®ü´µ¯S,HESTER
196533,1965,¶O¨Ì,FAYE
196532,1965,¦ãµY,ELAINE
196531,1965,ÂL©Ô,DELLA
196530,1965,¥dªù,CARMEN
196529,1965,¨©µ·,BESS
196528,1965,¦ã©gµ·,AGNES
196527,1965,­S­},WENDY
196526,1965,¦òµ^¥§,VIRGINIA
196525,1965,±Zµ·,TRIX
196524,1965,³·²ú,SHIRLEY
196523,1965,Ã¹µ·,ROSE
196522,1965,¬Á²ú,POLLY
196521,1965,¼Ú²úªÜ,OLIVE
196520,1965,®R©w,NADINE
196519,1965,º¿ÄR,MARY
196518,1965,ÅS¦è,LUCY
196517,1965,¶}±ö,KIM
196516,1965,µ^®¦,JEAN
196515,1965,¦ã«Â,IVY
196514,1965,«¢²ú,HARRIET
196513,1965,¦N¹F,GILDA
196512,1965,ªÜ·ç¹F,FREDA
196511,1965,Åaº¿,EMMA
196510,1965,ÂL¯Ç,DINAH
196509,1965,¸Ñ©Ô,CARLA
196508,1965,Ä_¨Ø,BABE
196507,1965,·R¬ü,AMY
196506,1965,¸U¹F,WANDA
196505,1965,Á¨©Ô,VERA
196504,1965,ÁÉ¬¥º¿,THELMA
196503,1965,²ï©Ô,SARAH
196502,1965,¾|¤h,RUTH
196501,1965,¥Õ¦è,PATSY
196492,1964,ªi±K©Ô,PAMELA
196491,1964,«n¬I,NANCY
196437,1964,¼Ú¬Ä,OPAL
196436,1964,®R©Ô,NORA
196435,1964,º¿ªÛ,MARGE
196434,1964,¾|¨Ìµ·,LOUISE
196433,1964,³Í¸¦,KATE
196432,1964,Ã£¦w,JOAN
196431,1964,¦ã·çµ·,IRIS
196430,1964,¶P´¶,HOPE
196429,1964,³ìµX¨È,GEORGIA
196428,1964,ªÜ¦w,FRAN
196427,1964,¦ã­Û,ELLEN
196426,1964,À¹¯S,DOT
196425,1964,¸¯µÜ©Ô,CLARA
196424,1964,²¦²ú,BILLIE
196423,1964,¦ã©g¹F,ANITA
196422,1964,ÃQ¹F,WILDA
196421,1964,½ÃµÜ¯S,VIOLET
196420,1964,¸¦¹F,TILDA
196419,1964,¨F²ú,SALLY
196418,1964,¾|ºÑ,RUBY
196417,1964,¼Ú¥[,OLGA
196416,1964,±ö·ç,MARIE
196415,1964,³Ò®R,LORNA
196414,1964,³Í¦è,KATHY
196413,1964,¸Ê®¦,JUNE
196412,1964,¦ã¹F,IDA
196411,1964,®ü­Û,HELEN
196410,1964,¸¯·ç¦è,GRACE
196409,1964,ªÜ³Ò¦è,FLOSSIE
196408,1964,¦ãº¸¦è,ELSIE
196407,1964,³£ÄRµ·,DORIS
196406,1964,±F©Ô,CORA
196405,1964,¨©¸¦,BETTY
196404,1964,¦ãÄRµ·,ALICE
196403,1964,·Å©g,WINNIE
196402,1964,½Ã¼Ú©Ô,VIOLA
196401,1964,¸¦µ·,TESS
196391,1963,©g®R,NINA
196324,1963,Ä¬¬À,SUSAN
196323,1963,²ú®õ,RITA
196322,1963,¶O²úµ·,PHYLLIS
196321,1963,¼Ú©Ô,ORA
196320,1963,º¿¬ü,MAMIE
196319,1963,Ã¹©Ô,LOLA
196318,1963,§J¸¦,KIT
196317,1963,¸Ê­},JUDY
196316,1963,Åaº¿,IRMA
196315,1963,®üµ·¯S,HESTER
196314,1963,¸¯¼ÖÂ§,GLORIA
196313,1963,¶O¨Ì,FAYE
196312,1963,¦ãµY,ELAINE
196311,1963,ÂL©Ô,DELLA
196310,1963,¥dªù,CARMEN
196309,1963,¨©µ·,BESS
196308,1963,¦ã©gµ·,AGNES
196307,1963,­S­},WENDY
196306,1963,¦òµ^¥§,VIRGINIA
196305,1963,±Zµ·,TRIX
196304,1963,³·²ú,SHIRLEY
196303,1963,Ã¹µ·,ROSE
196302,1963,¬Á²ú,POLLY
196301,1963,¼Ú²úªÜ,OLIVE
196291,1962,ªÜ¦w,FRAN
196229,1962,®R©w,NADINE
196228,1962,º¿ÄR,MARY
196227,1962,ÅS¦è,LUCY
196226,1962,³Í­Û,KAREN
196225,1962,µ^®¦,JEAN
196224,1962,¦ã«Â,IVY
196223,1962,«¢²ú,HARRIET
196222,1962,¦N¹F,GILDA
196221,1962,ªÜ·ç¹F,FREDA
196220,1962,Åaº¿,EMMA
196219,1962,ÂL¯Ç,DINAH
196218,1962,®Lºñ¸¦,CHARLOTTE
196217,1962,¤Ú¥¬µ·,BABE
196216,1962,·R¬ü,AMY
196215,1962,¸U¹F,WANDA
196214,1962,Á¨©Ô,VERA
196213,1962,ÁÉ¬¥º¿,THELMA
196212,1962,²ï©Ô,SARAH
196211,1962,¾|¤h,RUTH
196210,1962,¥Õ¦è,PATSY
196209,1962,¼Ú¬Ä,OPAL
196208,1962,®R©Ô,NORA
196207,1962,º¿ªÛ,MARGE
196206,1962,¾|¨Ìµ·,LOUISE
196205,1962,³Í¸¦,KATE
196204,1962,Ã£¦w,JOAN
196203,1962,¦ã·çµ·,IRIS
196202,1962,¶P´¶,HOPE
196201,1962,³ìµX¨È,GEORGIA
196192,1961,½Ã¼Ú©Ô,VIOLA
196191,1961,Ä¬¬À,SUSAN
196129,1961,¦ã­Û,ELLEN
196128,1961,À¹¯S,DOT
196127,1961,¸¯µÜ©Ô,CLARA
196126,1961,²¦²ú,BILLIE
196125,1961,ÃQ¹F,WILDA
196124,1961,½ÃµÜ¯S,VIOLET
196123,1961,¸¦¹F,TILDA
196122,1961,¨F²ú,SALLY
196121,1961,¾|ºÑ,RUBY
196120,1961,ªi±K©Ô,PAMELA
196119,1961,¼Ú¥[,OLGA
196118,1961,«n¬I,NANCY
196117,1961,±ö·ç,MARIE
196116,1961,³Ò®R,LORNA
196115,1961,³Í¦è,KATHY
196114,1961,¸Ê®¦,JUNE
196113,1961,¦ã¹F,IDA
196112,1961,®ü­Û,HELEN
196111,1961,¸¯·çµ·,GRACE
196110,1961,ªÜ³Ò¦è,FLOSSIE
196109,1961,¦ãº¸¦è,ELSIE
196108,1961,³£ÄRµ·,DORIS
196107,1961,µL¦WºÙ07,TD07
196106,1961,±F©Ô,CORA
196105,1961,µL¦WºÙ05,TD05
196104,1961,¨©¸¦,BETTY
196103,1961,¦ãÄRµ·,ALICE
196102,1961,¸¦µ·,TESS
196101,1961,²ú®õ,RITA
196027,1960,¶O²úµ·,PHYLLIS
196026,1960,¼Úµá²ú,OPHELIA
196025,1960,©g®R,NINA
196024,1960,º¿¬ü,MAMIE
196023,1960,Ã¹©Ô,LOLA
196022,1960,§J¸¦,KIT
196021,1960,¸Ê­},JUDY
196020,1960,¥ìº¿,IRMA
196019,1960,®ü´µ¯S,HESTER
196018,1960,¸¯¼ÖÂ§,GLORIA
196017,1960,¶O¨Ì,FAYE
196016,1960,ÂL©Ô,DELLA
196015,1960,¦ãµY,ELAINE
196014,1960,¥dªù,CARMEN
196013,1960,¨©µ·,BESS
196012,1960,¦ã©gµ·,AGNES
196011,1960,­S­},WENDY
196010,1960,¦òµ^¥§,VIRGINIA
196009,1960,±Zµ·,TRIX
196008,1960,³·²ú,SHIRLEY
196007,1960,Ã¹µ·,ROSE
196006,1960,¬Á²ú,POLLY
196005,1960,¼Ú²úªÜ,OLIVE
196004,1960,®R©w,NADINE
196003,1960,º¿ÄR,MARY
196002,1960,ÅS¦è,LUCILLE
196001,1960,³Í­Û,KAREN
195923,1959,«¢²ú,HARRIET
195922,1959,¦N¹F,GILDA
195921,1959,ªÜ·ç¹F,FREDA
195920,1959,Åaº¿,EMMA
195919,1959,ÂL¯Ç,DINAH
195918,1959,®Lµ·¸¦,CHARLOTTE
195917,1959,¤Ú¥¬µ·,BABS
195916,1959,·R¬ü,AMY
195915,1959,Á¨©Ô,VERA
195914,1959,²ï©Ô,SARAH
195913,1959,¼Ú¬Ä,OPAL
195912,1959,®R©Ô,NORA
195911,1959,¾|¨Ìµ·,LOUISE
195910,1959,³Í¸¦,KATE
195909,1959,Ã£¦w,JOAN
195908,1959,¦ã·çµ·,IRIS
195907,1959,³ìµX¨È,GEORGIA
195906,1959,¦ã­Û,ELLEN
195905,1959,²¦²ú,BILLIE
195904,1959,ÃQ¹F,WILDA
195903,1959,¸¦¹F,TILDA
195902,1959,²ï²ú,SALLY
195901,1959,¾|ºÑ,RUBY
195822,1958,¼Ú¥[,OLGA
195821,1958,ªi±K©Ô,PAMELA
195820,1958,«nÓ},NANCY
195819,1958,±ö·ç,MARIE
195818,1958,³Ò®R,LORNA
195817,1958,³Í¦è,KATHY
195816,1958,¸Ê®¦,JUNE
195815,1958,¦ã¹F,IDA
195814,1958,®ü­Û,HELEN
195813,1958,¸¯·çµ·,GRACE
195812,1958,ªÜ³Ò¦è,FLOSSIE
195811,1958,¦ãº¸¦è,ELSIE
195810,1958,³£ÄRµ·,DORIS
195809,1958,¦ãÄRµ·,ALICE
195808,1958,¨©¸¦,BETTY
195807,1958,·Å©g,WINNIE
195806,1958,½Ã¼Ú©Ô,VIOLA
195805,1958,¸¦µ·,TESS
195804,1958,Ä¬¬À,SUSAN
195803,1958,²ú®õ,RITA
195802,1958,¶O²úµ·,PHYLLIS
195801,1958,¼Úµá²ú,OPHELIA
